account_id,company_name,industry,tier,arr,csm_region,contract_start_date,contract_end_date,churned
783df30f-ee9d-45fd-a291-e719c2c35663,"Martinez, Marquez and Mullen",Healthcare,enterprise,126968,EMEA,2023-04-18,2024-04-17,1
d001a7e8-b32b-4970-a5eb-69697b09d9c1,"Schmidt, Rodriguez and Robertson",Finance,growth,32965,EMEA,2023-03-13,2024-03-12,1
b3a70214-8120-4d3d-81dc-add357542964,Todd and Sons,Healthcare,growth,64904,EMEA,2023-07-01,2024-06-30,1
c1d44d54-277f-46b9-8d2f-8ac6aa7fc049,Fletcher Group,Finance,enterprise,87652,APAC,2023-10-25,2024-10-24,1
49654547-f153-418d-8ca6-27441f4870c2,Ballard-Huang,Retail,growth,35456,NA,2023-03-11,2024-03-10,1
4f499d97-1812-412c-8a8d-45b9a74c255f,Farmer-Farley,Healthcare,starter,7860,EMEA,2024-11-04,2026-11-04,0
786b4b1b-6af4-451a-b0bc-0c7b6303ecd7,"Ayala, Wheeler and Kelley",Healthcare,starter,8521,APAC,2023-06-26,2024-06-25,1
45ec19af-949c-475d-b0f3-e9a3d32aadbf,Farmer Ltd,Healthcare,growth,47770,EMEA,2024-08-19,2026-08-19,0
293f4af0-b78f-4991-8b4a-67bd7c8630e7,"Allen, Myers and Montoya",Retail,growth,26475,EMEA,2023-08-27,2025-08-26,1
660bef2f-5e5a-41e4-b938-08f3ccf52459,Young-Hill,Retail,enterprise,122492,APAC,2024-08-10,2025-08-10,1
b5969033-b44d-4b09-94b9-661ec34c4f06,Stephens-Riley,Technology,starter,13255,NA,2024-03-25,2025-03-25,1
50824ea4-36db-42ae-8312-512124077f3f,Shields Group,Healthcare,starter,14975,APAC,2024-10-17,2026-10-17,0
830eaa47-ce77-451d-8c59-180382a771d9,"Navarro, Vargas and Martinez",Finance,enterprise,158857,APAC,2023-05-21,2024-05-20,1
b7998925-0a76-484c-9b95-f7fe2dc3e46a,White Inc,Retail,growth,40091,NA,2024-11-23,2025-11-23,1
fb4f2ce8-4ae7-4ff8-91da-3a39125e179e,Nolan-Franco,Manufacturing,growth,31702,EMEA,2024-01-18,2026-01-17,1
790f162e-b7c8-4ef7-9a3c-7417ef20ae89,Jimenez-Martin,Manufacturing,growth,41217,EMEA,2024-11-11,2025-11-11,1
aa0196fb-1d1f-487c-9a9d-abcdf75d983a,Huffman and Sons,Manufacturing,starter,7983,APAC,2024-02-18,2026-02-17,1
d278179c-e54b-4b30-80a3-c8e65b9bb3b7,Hansen Ltd,Manufacturing,starter,9966,NA,2023-11-17,2025-11-16,1
ec2419ae-156c-47a4-8e7a-cf0486002e40,"Richardson, French and Quinn",Retail,enterprise,167852,EMEA,2024-03-25,2025-03-25,1
11f94c12-7c8f-431f-aae2-c3e586ef30a1,Miller PLC,Manufacturing,growth,35766,EMEA,2023-02-19,2024-02-19,1
66c65b41-e7ad-4f9b-a3d9-698c6cfaeb10,Hunt LLC,Healthcare,starter,14658,NA,2024-08-25,2025-08-25,1
e93cb76e-2611-4cb7-90ed-7c02c6c85ba1,"Thompson, Simon and Norman",Technology,starter,13867,APAC,2023-10-14,2024-10-13,1
111388e4-7072-4f82-b4e7-dba1c87d69d6,Love Inc,Healthcare,growth,43545,NA,2024-12-22,2025-12-22,1
8515f5f8-27c1-4b2d-8fd8-e7077ec34f8d,Doyle Inc,Manufacturing,starter,12174,APAC,2023-04-06,2024-04-05,1
f92c7d32-9f3a-448d-aab4-42344899e8fb,Jackson-Cuevas,Healthcare,enterprise,144641,EMEA,2024-07-04,2026-07-04,0
9b441557-8774-40c1-b1c1-bbcf7aadfc84,Shaffer-Nicholson,Technology,enterprise,278484,EMEA,2023-09-13,2025-09-12,1
96ff7214-c2fe-4d18-831e-68c531a691e3,Barnes LLC,Retail,growth,22896,NA,2024-11-12,2025-11-12,1
50691a94-e849-4e00-836a-303ff59cef6c,Matthews-Hamilton,Retail,enterprise,102261,NA,2023-11-28,2025-11-27,1
fc744a9b-05e2-4274-9855-2d373b4f2275,"Mitchell, Rasmussen and Tyler",Technology,enterprise,230454,EMEA,2024-09-27,2025-09-27,1
43774ac4-cca6-42b8-b6cf-b00a7b751a27,Hart Ltd,Finance,growth,38139,EMEA,2023-04-25,2024-04-24,1
cca92de2-df6d-4f4b-89ed-8acfba5fe412,Martinez PLC,Finance,enterprise,180774,EMEA,2024-02-12,2026-02-11,1
87f1ea9b-91da-4ef9-b2d2-33ea06cda527,Zuniga-Reyes,Manufacturing,growth,65433,EMEA,2024-08-22,2025-08-22,1
f0aa78c1-d8e7-4159-ab10-d4e5b7d853e6,Holt LLC,Technology,enterprise,261364,APAC,2023-04-27,2025-04-26,1
ca710711-fd32-45aa-ae52-de96fe0a39e5,"Schmidt, Love and Mcdaniel",Technology,starter,12728,NA,2023-08-14,2025-08-13,1
a1c11de0-7097-463a-8ad3-7b87b7888328,Thompson-Sanchez,Healthcare,enterprise,288244,EMEA,2024-08-19,2026-08-19,0
131fb44f-920c-48fe-95dd-85df577224c3,Cooper Inc,Manufacturing,starter,6489,NA,2024-05-26,2025-05-26,1
351d331a-a01d-449b-83f0-cc6183ee012e,Foster Inc,Retail,starter,10208,NA,2023-12-06,2025-12-05,1
30e9a1d8-b952-4152-8462-c93c3f48f3dd,Allen-Johnston,Manufacturing,growth,30972,APAC,2023-09-21,2025-09-20,1
b8b9755e-113b-49af-84f5-a2d38a7df841,Smith LLC,Retail,growth,18446,NA,2023-04-17,2024-04-16,1
20800b44-cfe7-4d5e-8ca8-a2c7f67f835c,"Freeman, Rodriguez and Perkins",Retail,growth,75283,EMEA,2023-02-11,2025-02-10,1
ce91cd14-5a43-4400-bfa5-cf7f1ef02549,"Daniels, Jimenez and Benson",Retail,growth,64356,EMEA,2023-08-28,2025-08-27,1
a1ed5663-0e09-4c37-bc17-de76c5521651,"Atkins, Torres and Clark",Manufacturing,enterprise,280400,APAC,2024-01-13,2026-01-12,1
69d0f8c4-bca8-4bbf-b353-cd08a4909b3e,"Martinez, Alexander and Reed",Healthcare,enterprise,153313,APAC,2023-02-02,2024-02-02,1
e29355b7-3b62-479f-9626-ebe63aab0af7,"Gates, Winters and Lozano",Manufacturing,starter,14789,EMEA,2023-08-10,2024-08-09,1
318bacef-d746-4bd1-8c92-99bd93e75bea,"Reynolds, Hudson and Gross",Healthcare,starter,9387,NA,2024-12-12,2025-12-12,1
7e4e8007-1697-46f2-a1aa-aa7c163e699c,Turner Ltd,Manufacturing,growth,15428,APAC,2024-09-14,2025-09-14,1
357268c0-2387-4f45-a190-4a91647e61d3,Garcia Group,Retail,growth,53420,APAC,2024-12-05,2026-12-05,0
bc048411-5cc6-488b-bbca-cce5b75bdbf0,Rodriguez Ltd,Manufacturing,starter,8015,EMEA,2023-08-03,2024-08-02,1
d3db5857-7222-4a8e-9c0a-1194759819a4,Cortez and Sons,Manufacturing,growth,31221,EMEA,2023-10-15,2024-10-14,1
f8685b5d-f32e-46c9-bbab-b3dceed7deb3,Chang-Smith,Technology,starter,10775,NA,2023-09-17,2024-09-16,1
a1e99293-5b8e-4396-9a2c-fa7f327a7af8,Estes-Bishop,Retail,enterprise,228111,APAC,2023-09-07,2025-09-06,1
99a6faa1-7ee0-420f-86e0-e57a74af3378,Wall-Garner,Healthcare,enterprise,287110,NA,2023-04-19,2025-04-18,1
19faa75a-ce10-4cd7-a9a1-d0ba57fbb5c7,"Barnes, Garcia and Simon",Finance,enterprise,284444,APAC,2024-01-14,2025-01-13,1
d0a346d1-2daf-483f-87ec-44c4da7c42f7,Morris Group,Manufacturing,starter,10735,APAC,2023-12-25,2025-12-24,1
1014e6b7-1aed-40ca-881c-7853c51d870e,Jones LLC,Finance,growth,29306,NA,2024-04-24,2025-04-24,1
849b8c9d-0f50-42ba-a598-6732ea598501,Williams Inc,Healthcare,growth,15445,EMEA,2023-05-11,2024-05-10,1
1c3d07dd-277e-4068-8d80-64fb4a3661cd,King PLC,Healthcare,enterprise,156567,EMEA,2024-06-14,2026-06-14,1
b85cfd4f-5d00-4cbd-a9a4-3fe32a565320,Armstrong Inc,Manufacturing,enterprise,173177,NA,2023-05-01,2024-04-30,1
c81bd0b2-5160-483b-975d-4e6696607f1a,"Black, Lopez and Coffey",Healthcare,starter,11248,EMEA,2024-04-20,2025-04-20,1
e25209ee-4485-43a8-ae01-ebfde9e82567,Sanchez-Choi,Manufacturing,growth,21414,APAC,2024-12-18,2026-12-18,0
c164d9f3-ff9f-4c39-b0b8-7e87adabf788,Griffin-Mcdowell,Retail,enterprise,122684,NA,2023-10-14,2024-10-13,1
6417b01f-21df-4e7b-925a-9e9529bf4162,Campbell PLC,Healthcare,enterprise,240545,NA,2023-08-05,2024-08-04,1
10b546e5-fc46-4d65-9fe6-e6560fe7b676,"Alexander, Charles and Lee",Technology,growth,76604,NA,2023-01-06,2025-01-05,1
48077c3c-6662-40fd-9e48-acd1f435262a,Ray-Frazier,Manufacturing,starter,12932,EMEA,2023-11-27,2024-11-26,1
f9ee002a-ca1d-4bea-b156-bb872fd182a7,Alvarado-Brown,Finance,starter,14019,EMEA,2024-06-22,2025-06-22,1
1f475d1b-2e94-452d-ba46-c8c98a3ab2b8,"Hoover, Hernandez and Burgess",Technology,enterprise,282705,EMEA,2023-08-14,2024-08-13,1
36e52d00-cfe3-4da3-9ea2-ae7293ef3924,Cole-Mckay,Retail,enterprise,123271,NA,2023-04-26,2024-04-25,1
593fe2d2-d929-40d1-8df8-2e555b938144,Barnes-Smith,Retail,starter,7762,EMEA,2023-07-23,2025-07-22,1
26bca00a-f9b1-4cd2-beeb-23863819c477,Russell-Kane,Retail,enterprise,204626,EMEA,2024-12-04,2026-12-04,0
ee43053e-139b-47c7-a1fa-3623479065a3,Kim-Rangel,Healthcare,growth,33217,APAC,2023-01-09,2025-01-08,1
6c2cd89f-a66a-45e8-91fa-411fb4398161,Benitez Inc,Healthcare,growth,36219,NA,2024-01-11,2025-01-10,1
680ed402-d095-46df-8b28-8f14b92dbe14,"White, Jones and Cooke",Finance,enterprise,223377,EMEA,2023-06-16,2025-06-15,1
6bde9ca9-e895-4f51-a306-d80cfe56a779,Anderson Inc,Healthcare,enterprise,289096,NA,2023-09-12,2025-09-11,1
d5322ee8-e595-4b8f-ad85-85ecb210b78e,"Murray, Higgins and Hernandez",Healthcare,starter,10970,APAC,2024-04-23,2025-04-23,1
c2334168-9de7-44a8-b8a7-391349b9edf1,Tran-Mitchell,Finance,starter,8464,APAC,2023-09-21,2025-09-20,1
d3281e0e-42f2-41b3-9103-c1a5927437d7,"Perry, Carter and Hines",Healthcare,starter,9600,EMEA,2024-03-24,2026-03-24,1
0ea073e4-2171-437d-8125-fe9004c53ae5,Anderson-Robinson,Manufacturing,starter,10825,APAC,2024-12-14,2025-12-14,1
b08cf5c9-5167-4576-819d-900d6de627f6,"Hampton, Torres and Robinson",Retail,enterprise,86260,NA,2023-10-03,2025-10-02,1
fe2b1a89-668a-4020-b0f2-45332e9287d3,Powell-Morrow,Manufacturing,starter,12309,NA,2024-06-12,2026-06-12,1
04de07e4-53e6-4759-9846-714b018e45f0,Hall Group,Retail,starter,11270,NA,2024-12-19,2026-12-19,0
5ad8184e-8359-4e93-afb0-df23ae65b501,Scott-Smith,Retail,enterprise,131043,APAC,2023-06-19,2025-06-18,1
af096ede-90dd-4c25-8773-476b39e6deff,Brooks-Campbell,Manufacturing,starter,6205,NA,2023-04-16,2024-04-15,1
b5289373-0558-4f4a-b75c-b58123e9a3c0,Atkinson Ltd,Finance,starter,10453,EMEA,2024-11-19,2025-11-19,1
5e73725b-c022-4c80-88fd-8df6e70e5eb3,Kaiser PLC,Manufacturing,starter,9684,NA,2023-01-10,2024-01-10,1
94c24954-e9da-4071-b2f5-feaa2d332820,"Lawson, Ramirez and Chavez",Retail,starter,11152,APAC,2023-03-20,2025-03-19,1
8457af1f-dddd-431b-80a8-2285e2712349,Edwards and Sons,Manufacturing,growth,53841,EMEA,2024-02-08,2025-02-07,1
d32a0290-34ef-465b-a979-d9a8a7b2d259,Hubbard LLC,Manufacturing,growth,45451,NA,2023-08-22,2025-08-21,1
2da72949-3576-4f5b-bdb2-da8181541664,Weaver-Hughes,Healthcare,enterprise,182827,EMEA,2024-09-05,2026-09-05,0
acf0b4e5-e635-44b9-ba99-17a8237f5070,Huff-Jones,Manufacturing,growth,42956,EMEA,2024-09-17,2025-09-17,1
f6dfa921-f3fc-4891-bde6-1b8d9a490894,Lopez-Stanley,Healthcare,growth,49108,NA,2023-02-16,2024-02-16,1
cdcb7e76-0c95-4688-8831-6f130f4c0f15,"Woodard, Blanchard and Carter",Retail,growth,35740,EMEA,2024-09-22,2026-09-22,0
9f92b290-b477-4bc6-8070-8df90ac94d8c,"Foster, Juarez and Castillo",Finance,starter,5926,NA,2024-06-03,2025-06-03,1
dfe9ad7a-f646-410f-ac43-e399a8b0c56d,Lee-Ball,Finance,enterprise,292277,APAC,2023-08-19,2024-08-18,1
db3ed868-c9c5-4640-88f8-13f269baffbf,Thomas-Patterson,Healthcare,growth,43179,NA,2024-10-20,2026-10-20,0
77e03f78-9002-4199-808e-64fc14b3b6ed,Mckay and Sons,Healthcare,enterprise,119394,APAC,2024-09-25,2026-09-25,0
981874f1-e11c-40db-a41a-180179abe186,Henderson-Ruiz,Manufacturing,starter,9189,EMEA,2024-02-20,2026-02-19,1
50910457-6908-41d5-b05f-60a1c6db8c72,Wright Group,Healthcare,enterprise,101120,NA,2024-11-22,2025-11-22,1
186ec24a-9950-4e5f-b48d-d35b8c43dcf4,"Dunn, Gonzales and White",Manufacturing,growth,25523,EMEA,2023-04-26,2024-04-25,1
56cdb64e-3dc9-4a30-96be-e007d941ac8f,Brown LLC,Technology,growth,58398,EMEA,2023-05-02,2024-05-01,1
a1c7dcd8-62ac-497e-a560-10e1e21d9c97,"Farrell, Gonzales and Hayes",Retail,enterprise,242803,NA,2024-06-22,2026-06-22,0
780aa483-6c26-4378-8cbb-0ce93e7113e5,Simmons LLC,Healthcare,starter,8204,EMEA,2023-11-06,2024-11-05,1
00f0d872-9fef-4c48-9f55-eafe1ff02ff3,Lopez-Day,Retail,enterprise,208629,APAC,2023-12-07,2025-12-06,1
3fe04052-a88c-49c7-9648-fbfb4625fbc8,"Williams, Chang and Wilson",Retail,enterprise,83975,NA,2023-01-19,2024-01-19,1
100c77f1-7a25-40b4-b805-a3a1cac5802b,Gardner-Moran,Healthcare,enterprise,231979,NA,2024-12-08,2025-12-08,1
8885c992-8c3f-4527-ab54-15a942b72bee,Hunt-Scott,Technology,starter,11472,APAC,2023-08-24,2025-08-23,1
018d445e-ab55-469b-9828-ec56c0eb8058,Vaughan-Jones,Technology,starter,7085,NA,2024-08-19,2025-08-19,1
dfc58c6a-1d9d-4870-b5ff-065f2b5102b8,Bailey-Gonzalez,Manufacturing,enterprise,95356,APAC,2024-08-07,2025-08-07,1
270071d0-ec9b-4ca3-970e-ba77dad33a05,Taylor and Sons,Finance,enterprise,207786,APAC,2023-01-10,2024-01-10,1
0004417c-ddf3-47ff-81b1-540f43ee2569,"Miller, Herman and Miller",Retail,growth,27496,APAC,2023-06-24,2025-06-23,1
52bb14af-327b-4766-96ba-9a884eaf60f9,Riley-Sharp,Retail,growth,23806,NA,2024-07-18,2025-07-18,1
b0500180-eaf7-45f8-86f4-6f3706d40fd8,Powers-Smith,Technology,growth,68761,EMEA,2023-11-20,2024-11-19,1
01e43953-b939-4380-b862-935108cd45bb,Hanson LLC,Manufacturing,growth,66879,NA,2024-06-11,2026-06-11,1
4675485a-0b7b-49ea-997d-fb86ed698502,"Johnson, Vargas and Martinez",Technology,enterprise,253710,NA,2024-12-13,2026-12-13,0
1a30d20c-8bc2-49e1-bccd-0ee9d7fd9e4a,Andrade-Johnson,Manufacturing,starter,9512,APAC,2023-03-13,2024-03-12,1
b0a67cb5-a0c1-4c35-9d32-d710517d2cd0,Gibson-Cortez,Healthcare,enterprise,217136,EMEA,2024-06-03,2025-06-03,1
bc2b56cf-07ec-4854-b134-98ecbb381589,"Reynolds, Sanders and Rogers",Healthcare,enterprise,239113,EMEA,2024-02-14,2025-02-13,1
d6015ec5-d0a6-475a-b579-41d166cc1fdd,"York, Ward and Allen",Finance,starter,6205,APAC,2023-10-28,2024-10-27,1
e6a5057a-9f1c-4a6c-9bd7-ba9301abc869,Powell Inc,Healthcare,growth,42036,NA,2023-10-15,2024-10-14,1
065e427a-14fd-434c-b037-e781fd3c283e,Gonzales-Gutierrez,Technology,starter,7606,APAC,2024-12-25,2026-12-25,0
8c05b188-4e67-46c9-a63b-c3d435976e12,Hampton LLC,Technology,enterprise,175959,NA,2023-03-12,2024-03-11,1
dc5dce41-cf00-42fc-90eb-3d65439d232a,Coleman-Cross,Healthcare,growth,15834,EMEA,2023-12-02,2024-12-01,1
83a2224c-b654-4814-8663-8ec603972404,Pratt PLC,Healthcare,starter,8120,NA,2023-08-17,2024-08-16,1
17a987f0-f409-4fa6-b421-e8c9cdf3610a,Fisher-Brown,Healthcare,enterprise,260152,EMEA,2023-01-09,2024-01-09,1
3431a418-61aa-4a70-999c-3f66df9718d5,Harrell-Adkins,Technology,enterprise,183633,APAC,2023-01-13,2025-01-12,1
d8a28acb-22f8-4ba8-9c27-d80cabec449b,"Bean, Blackwell and Lewis",Technology,enterprise,170586,EMEA,2023-09-15,2024-09-14,1
13109b79-8d4c-4b2c-8016-f5137d767b2c,Harmon LLC,Technology,starter,8145,NA,2023-09-03,2025-09-02,1
2b68b01c-1964-4125-bd19-db6134dc250c,"Mason, Rojas and Fox",Retail,enterprise,119458,APAC,2024-01-19,2026-01-18,1
6456aa1c-8040-4f9b-90d6-44e605a8e7b8,Rivera Group,Healthcare,growth,52333,NA,2023-03-20,2025-03-19,1
0329b0ca-fb2e-4f70-b54e-2467754a6f93,"Bryant, Thornton and Snyder",Technology,growth,16084,EMEA,2023-03-09,2024-03-08,1
6999ec9b-d8ae-41c3-aae2-f47faaf5c829,"West, Cannon and Bean",Healthcare,enterprise,166639,APAC,2023-04-16,2025-04-15,1
f584152b-7f49-41ca-af9d-a838e8eaa84f,Ross-Anderson,Technology,starter,8613,NA,2024-12-14,2025-12-14,1
3cb0b262-87fc-4500-8fd2-d75c2f322a20,Gilmore-Gonzales,Healthcare,starter,8875,APAC,2023-07-07,2025-07-06,1
4e958746-b55a-48e1-805e-5b2890ae16a5,Harris-Fischer,Manufacturing,enterprise,87471,NA,2024-10-05,2025-10-05,1
e86be065-3f81-4bdd-8f4f-fd00b9172336,Allen PLC,Manufacturing,starter,10325,NA,2024-03-21,2025-03-21,1
2671495c-6c94-4a20-bfeb-2d2057fc7e11,"Schmidt, Martinez and Rogers",Manufacturing,starter,6834,APAC,2024-08-12,2026-08-12,0
b546720a-90b5-431b-8a4e-c9b1d03561a6,"Hodges, Christian and Copeland",Manufacturing,starter,5194,EMEA,2023-07-10,2025-07-09,1
eae92205-cf9b-490c-bd0e-82cafac58779,Gonzalez and Sons,Healthcare,enterprise,211777,EMEA,2024-12-18,2025-12-18,1
2272fdf2-cc76-41b8-8e53-8a963dd3cc41,"Newman, Nash and Stone",Healthcare,growth,38032,APAC,2023-08-11,2025-08-10,1
9f95e42f-6b50-4e09-b1d3-32265b876e28,Thomas LLC,Technology,growth,39910,APAC,2023-07-02,2025-07-01,1
27d8358a-2810-4414-aaae-fca763444996,Schultz Ltd,Technology,enterprise,237488,APAC,2023-02-14,2024-02-14,1
af2b4793-cf62-4a0b-8f02-5ed2bf910c84,"Joyce, Sanchez and Weiss",Retail,growth,75059,EMEA,2024-06-14,2026-06-14,1
bc7ed0d3-503a-4b12-827f-c929f5e8e1b7,Taylor Inc,Healthcare,enterprise,246555,EMEA,2024-06-04,2026-06-04,1
97ab8f45-3784-4194-92bb-f8318e214839,Beasley-Melendez,Retail,enterprise,284571,APAC,2024-05-23,2026-05-23,1
98e8b30c-4ed3-464f-9a8c-85cca119106c,"Thompson, Avila and Lane",Retail,starter,8884,APAC,2023-01-26,2024-01-26,1
86bfb492-e233-4a25-b34f-d41e80f9229c,Knight Ltd,Manufacturing,starter,13028,NA,2023-09-04,2024-09-03,1
6607e7f2-87d4-416a-9c55-d840fb5482e5,Reyes Ltd,Technology,enterprise,279893,EMEA,2024-08-12,2026-08-12,0
d59af977-0c4b-48ce-a9da-faa3c50626b0,Nunez Inc,Finance,starter,14383,EMEA,2023-02-23,2024-02-23,1
73865bcf-ffec-49f3-9725-ca8c600b88ee,Mcbride and Sons,Healthcare,growth,41622,APAC,2023-11-06,2024-11-05,1
34a879a7-56b7-4c27-b285-e2a58bb8bf5d,Barnes PLC,Finance,starter,8711,EMEA,2023-11-28,2025-11-27,1
b41031b6-1674-4f49-abf7-fdad752dd1c6,Hines PLC,Healthcare,enterprise,143338,NA,2024-12-27,2026-12-27,0
e7f18955-61e9-43b6-8162-13d650609027,Kelly-Martinez,Retail,enterprise,208418,EMEA,2023-07-21,2024-07-20,1
72e01a60-d71a-4273-b039-a9e9dbe09e99,Powell Ltd,Technology,starter,12220,EMEA,2024-03-12,2026-03-12,1
4a65091d-9603-4ca4-ab1e-dc31dbd22c59,Pham Inc,Technology,enterprise,234170,EMEA,2024-07-13,2026-07-13,0
f304caba-0d87-4e63-9927-6a9ccdd50a3b,"English, Luna and Erickson",Technology,growth,31837,NA,2024-05-05,2026-05-05,1
83e706f0-38e7-4567-b6be-66abd296e369,Navarro-Silva,Manufacturing,starter,10773,APAC,2024-01-07,2026-01-06,1
f624266e-0d39-4248-9feb-8cb976b8d737,Scott and Sons,Retail,enterprise,163690,EMEA,2023-05-15,2025-05-14,1
4083770b-1937-4773-9ca1-e190e8b4f98d,"Myers, White and Robinson",Manufacturing,enterprise,97175,APAC,2024-01-04,2026-01-03,1
cb588431-8643-439d-8374-cef416e450c7,Moses Inc,Retail,starter,5768,APAC,2023-08-13,2024-08-12,1
8e6f8b9f-709f-40cd-86df-7d9db417feda,"Joyce, Schneider and Miller",Manufacturing,starter,12009,EMEA,2024-08-17,2026-08-17,0
65f4c6dc-6e33-4a4d-aaf3-0057c2f07c2c,"Ramirez, Allen and Watson",Technology,starter,10634,NA,2024-01-03,2026-01-02,1
c8de63b6-1fdf-4758-abf5-1651bef9a5a2,"Moore, Carpenter and Fernandez",Finance,starter,11400,APAC,2024-04-01,2025-04-01,1
657674c1-6637-4011-877d-41976fc41e4e,"Torres, Shah and Villanueva",Technology,enterprise,134203,NA,2024-06-03,2026-06-03,1
f9d48533-e0ed-45cf-a73a-d8eeb13e15de,Anderson-Mosley,Technology,starter,8244,APAC,2023-12-17,2024-12-16,1
7e2c745d-148c-4049-8a20-0c3df8f99464,Smith-Martin,Manufacturing,enterprise,169723,EMEA,2024-10-21,2026-10-21,0
263c9856-e458-4936-bfea-ecb2fe7bda26,"Hill, Figueroa and Anderson",Technology,enterprise,253002,NA,2023-10-17,2025-10-16,1
df8ddb98-ed26-4cd2-9674-5f21f562ee46,Spencer LLC,Finance,growth,59750,NA,2024-10-01,2026-10-01,0
4c135e1b-90b4-4e71-80df-a8048622322d,Robinson Ltd,Finance,growth,54175,APAC,2024-01-20,2026-01-19,1
14488809-0354-49ad-acb0-96c81d144ac1,Mitchell-Nelson,Retail,growth,50169,APAC,2024-10-26,2026-10-26,0
94e74b96-2388-4130-946f-5c4ac434be28,Lara-Schultz,Manufacturing,starter,5832,APAC,2023-06-27,2024-06-26,1
be9d90da-4a7d-4b63-b08a-0c9696cb6f19,Johnson-Owens,Technology,starter,12624,EMEA,2023-08-18,2024-08-17,1
ceb8623c-f763-4ae0-b07e-26b071cd3964,Johnson-Medina,Manufacturing,starter,12228,NA,2024-01-04,2026-01-03,1
8261ddcb-322b-42ed-886c-cb0912651ad0,"Mcconnell, Hunt and Roth",Healthcare,enterprise,118393,EMEA,2024-09-20,2025-09-20,1
3d8ce2a6-7c5f-4cef-8407-f40bd8a04da4,Chaney Ltd,Healthcare,growth,22271,EMEA,2024-07-08,2025-07-08,1
dad9b4d4-1806-4534-8cd6-e38245a97c68,Green LLC,Healthcare,starter,9763,NA,2023-12-04,2024-12-03,1
3a658b0b-1fc1-4efb-8547-066c24cfe2e3,Allen LLC,Retail,starter,13175,NA,2023-06-18,2025-06-17,1
347ca8ce-5534-40ae-9437-682b65ad92a7,Powell-Hernandez,Retail,growth,73931,EMEA,2024-09-16,2026-09-16,0
4f6fef20-d701-4e10-b507-fe4604723fe6,Harper LLC,Technology,growth,79095,EMEA,2024-08-17,2026-08-17,0
142c656d-b3c6-4d53-844e-709e64d41948,Chang LLC,Retail,starter,9888,NA,2024-02-24,2026-02-23,1
3e9210ec-5cdd-466e-8215-4e2d5ae39604,"Brooks, Jenkins and Price",Technology,growth,37864,APAC,2024-03-16,2025-03-16,1
a8fbf696-5d89-4792-88b8-46bad2488866,"Wood, Watson and Bennett",Healthcare,growth,75358,NA,2023-07-09,2024-07-08,1
b7795b64-13f2-454b-a2eb-86af4f27262e,Reynolds-Williams,Technology,growth,63356,EMEA,2023-07-10,2024-07-09,1
dcd6ee25-afde-48ca-b71c-10acf31564b8,Mosley Ltd,Technology,enterprise,113265,NA,2024-12-24,2026-12-24,0
04f2ad5b-743d-4dd1-9ed2-58ab4a00526e,"Jimenez, Phillips and Moore",Healthcare,enterprise,84833,APAC,2024-07-18,2025-07-18,1
78dbc65f-ba45-426b-9a9c-861acc76cb5b,"Meyer, Chavez and Hall",Healthcare,enterprise,148091,EMEA,2024-11-25,2026-11-25,0
985826b1-d4b6-4014-ad18-2c8b351cbb2d,Parker and Sons,Manufacturing,starter,5433,NA,2023-10-14,2025-10-13,1
a114f1d1-c0e0-42f2-b1bc-a71b4b00f808,Barker Inc,Finance,enterprise,138161,EMEA,2024-04-26,2025-04-26,1
6d0d5b93-f6d4-4ea7-b145-2b08c61dd286,"Rice, Robinson and Turner",Healthcare,growth,33909,NA,2024-11-06,2025-11-06,1
79de282b-dbcb-4b84-8994-93c3e5b39420,Johnson-Chen,Healthcare,enterprise,116527,NA,2023-05-05,2024-05-04,1
79a68d8f-634d-4d49-bbb8-9f1e01feb3b6,Miller-Costa,Technology,growth,60604,EMEA,2023-05-25,2024-05-24,1
8a7dc3e5-ba89-4316-8013-5b71c550ad4d,"Carr, Barnes and Jensen",Technology,starter,10333,EMEA,2023-01-24,2025-01-23,1
0826a45b-0ec8-4a74-92c7-080fafa4378b,"Larson, Miller and Hill",Finance,enterprise,133269,EMEA,2023-02-01,2024-02-01,1
4c3a5e00-8c1d-48f7-bb39-85060316fdb8,Conner Inc,Healthcare,growth,60439,APAC,2023-02-07,2024-02-07,1
2a83bd6d-ac7a-4662-a615-3b4ff241d191,Juarez-Bolton,Technology,starter,10465,APAC,2024-05-05,2026-05-05,1
b182659c-3dd9-41ee-b6b2-4fc38296ea9f,"Jimenez, Gould and Wilson",Healthcare,starter,14270,NA,2024-10-13,2025-10-13,1
de8f4bab-91d7-4901-b78f-f2fbfe84fc9f,Cooper LLC,Healthcare,growth,41856,APAC,2023-08-28,2024-08-27,1
feba0b17-2678-4cad-b315-11e5ecacb58f,"Schroeder, Hamilton and Francis",Retail,enterprise,175216,APAC,2024-09-09,2025-09-09,1
83f99dad-4115-4fd1-8498-d83523268575,"Foster, Martin and Miller",Retail,starter,11933,APAC,2024-03-07,2026-03-07,1
3134800e-1a5e-443f-9506-95d2b73bc191,"Nelson, Perry and Bates",Manufacturing,enterprise,101138,EMEA,2023-02-17,2025-02-16,1
0de66a13-40ae-4624-ae45-bf86bdd049ba,Hanson Group,Manufacturing,starter,9481,EMEA,2024-11-13,2025-11-13,1
b8e3ad54-f7cc-45a0-9baa-414b0c15b491,Nelson Group,Finance,enterprise,116696,EMEA,2023-11-18,2025-11-17,1
7bb98d0b-83bb-4d67-83d3-a5f4e90d0d79,Lee-Dickerson,Technology,starter,10965,EMEA,2024-02-08,2025-02-07,1
1b48f448-063f-4c50-b713-003d8c649dd2,"Obrien, Dean and Stone",Finance,growth,38970,NA,2023-01-19,2025-01-18,1
55ffcd91-84f9-45d0-a41c-2c0cd5afd495,Daniel LLC,Retail,growth,76401,EMEA,2024-06-12,2025-06-12,1
25ff5468-5389-4615-9e1d-1096aba92717,"Blake, Hopkins and Knight",Technology,enterprise,262111,APAC,2023-02-21,2025-02-20,1
a70be2b3-6b25-4fef-97a4-82fee81c6371,"Reyes, Brown and Patel",Technology,growth,36599,APAC,2023-01-22,2024-01-22,1
8a5c82d4-4362-4087-a4ef-67a33d2c053a,"Knight, Reilly and Mills",Finance,starter,12184,NA,2023-04-26,2024-04-25,1
7b08adf5-db87-472e-8745-47eaceaac20f,Jones PLC,Technology,starter,7448,APAC,2024-01-11,2025-01-10,1
418dc9f8-bad4-4122-b032-cbe5b8e737bf,Palmer and Sons,Technology,growth,70688,EMEA,2024-11-14,2025-11-14,1
a0ee0c83-878d-4463-9f03-4630b59447ea,"Coleman, Flores and Strickland",Healthcare,starter,12355,APAC,2023-10-18,2024-10-17,1
ec974353-a377-4a3e-b6a4-245241f9104f,Ochoa-Zimmerman,Finance,starter,6537,APAC,2024-12-25,2025-12-25,1
e2a4a749-a32d-4c15-bd06-58fff6f8fb87,"Mccarty, Gentry and Middleton",Finance,growth,52788,APAC,2024-06-26,2026-06-26,0
b4563df1-a4e7-4c68-870e-89645c13e374,Morris-Stanley,Finance,enterprise,180622,EMEA,2023-12-02,2025-12-01,1
619c9964-685e-47bb-8c28-4600149512f3,"Miles, Davis and Martinez",Technology,starter,12855,EMEA,2023-12-06,2025-12-05,1
33cab529-40ad-4ff9-bce2-987c7a471567,Scott Inc,Manufacturing,starter,9475,EMEA,2023-01-26,2025-01-25,1
dc167743-c8df-470c-8165-51ffe072a764,"Oliver, Soto and Clark",Manufacturing,enterprise,282672,APAC,2023-12-02,2024-12-01,1
8788555a-d74c-4ed3-a89c-551041f361b7,Hernandez-Long,Retail,starter,9726,NA,2023-03-15,2024-03-14,1
988bf4aa-c1bc-4986-9c19-488be1187bfe,Ortiz Inc,Retail,growth,46276,APAC,2023-09-24,2025-09-23,1
6554beb2-53ce-4414-bd1a-fe7996528f64,"Dean, Lewis and Shepard",Finance,enterprise,178170,NA,2024-01-18,2025-01-17,1
b8872e1b-30e7-4a42-b0c8-0422a3b2af45,Faulkner LLC,Healthcare,starter,8424,NA,2024-08-16,2026-08-16,0
5a79f595-8c45-41aa-9f40-c01f905c95ec,Brown Ltd,Technology,growth,20797,EMEA,2024-04-23,2026-04-23,1
ecc44ac2-20bb-4f45-937e-ac1919ef806e,Patel-Khan,Technology,enterprise,243685,NA,2023-03-15,2024-03-14,1
fe17f354-8863-4fe4-a6ff-d92608d5c4c1,Green-Murillo,Healthcare,growth,70545,APAC,2023-04-22,2025-04-21,1
2b4e7c6e-6f3b-4fdb-b086-49d200518add,"Hicks, Turner and Baker",Technology,growth,36615,APAC,2023-11-12,2025-11-11,1
2979d87c-4a01-4b7d-9e87-0b593c7bb276,"Patrick, Wilson and Wood",Manufacturing,starter,9117,NA,2024-04-02,2025-04-02,1
bf935d33-f6cb-4d2f-80c4-883ca2bf97fa,Raymond PLC,Technology,enterprise,274802,NA,2023-10-11,2024-10-10,1
40da7ad7-f564-4494-b420-66cfae26f43b,"Johns, Ryan and Nguyen",Finance,enterprise,261179,APAC,2024-11-19,2025-11-19,1
9613ab40-688c-4eb7-bc3d-542b66d6a97d,"Simon, Mays and Lee",Finance,starter,11097,APAC,2023-06-10,2025-06-09,1
ec73d79f-0248-4275-a4e6-e1eafa0980d9,Nelson and Sons,Retail,starter,11577,NA,2023-02-22,2025-02-21,1
24386953-8fac-4364-bfec-0f086edcff5d,Martin-Estes,Technology,growth,69724,NA,2023-03-18,2025-03-17,1
fc2619c7-8574-4556-aafe-fd37f78cab62,Phillips-Booth,Manufacturing,starter,6716,NA,2024-12-25,2026-12-25,0
0b4ef7fb-8506-449d-9516-2c2b49c3b3eb,Foster-Coleman,Healthcare,starter,6039,NA,2024-02-06,2025-02-05,1
0ddf91ce-6920-44f2-840b-ff7f1bf866af,Floyd-Ward,Manufacturing,growth,44159,EMEA,2023-09-22,2024-09-21,1
cf921c6d-efd3-4757-80f4-c5a88d31552e,Wade-Powers,Retail,starter,5837,APAC,2024-01-02,2026-01-01,1
83266131-2666-470c-bdfc-fe527278b348,Hernandez PLC,Finance,starter,12703,EMEA,2023-05-05,2024-05-04,1
827ffe8c-4447-4082-9adb-e34acce4cce9,Moore-Burns,Finance,starter,7356,NA,2023-12-01,2024-11-30,1
e9a13ca6-ecbf-41df-9284-f2b145b3b7ba,Simmons LLC,Finance,starter,5563,NA,2023-04-01,2024-03-31,1
bb91ce1f-69fb-4b70-a69d-aef540fc283d,Jenkins-Maldonado,Retail,growth,21703,EMEA,2023-11-26,2025-11-25,1
1db1dc52-6f30-4e21-b2e0-0955792b28e3,Ross Inc,Healthcare,starter,14885,APAC,2024-03-14,2025-03-14,1
a39bf849-b205-4d11-ac35-46bf7c583a32,"Osborne, Andrews and Sanders",Finance,growth,37042,NA,2023-01-07,2025-01-06,1
4411bd25-2a71-432c-a485-839d0fb8f65f,Keller-Christensen,Retail,starter,7808,APAC,2024-11-04,2025-11-04,1
00051cd1-120f-43e0-8257-64a7dbef384d,Green-Newman,Technology,starter,5021,APAC,2023-02-03,2024-02-03,1
37ea759d-3ec5-4fee-92d6-7819020435ab,May-Wilson,Retail,growth,26388,APAC,2023-09-27,2025-09-26,1
c2eac164-62d5-4e95-b386-e3c450fce3c6,Torres-Thompson,Technology,growth,72895,APAC,2023-07-13,2025-07-12,1
4faf6c03-4294-41dc-a865-3ba982a9cf1a,Sullivan Inc,Finance,growth,24945,APAC,2024-07-25,2026-07-25,0
75cf5988-86a1-4134-9813-d21f22f5cd46,"Martin, Nelson and Lester",Retail,growth,42307,EMEA,2024-10-25,2025-10-25,1
95f74b0d-0943-46d3-87eb-0857535d4a56,"Choi, Brooks and Mclean",Manufacturing,growth,41603,NA,2024-11-21,2026-11-21,0
ad00814f-cfe5-40de-86a0-d0bc7fd0be8d,"Martin, Parker and Anderson",Manufacturing,growth,34249,NA,2024-07-22,2026-07-22,0
00017214-7940-4635-abc5-2134916a2be0,Allen PLC,Healthcare,enterprise,242975,EMEA,2023-06-26,2025-06-25,1
0fbd2212-f99a-4ae0-ac22-546c1539c731,Campos-Hurst,Retail,enterprise,131632,NA,2024-01-04,2026-01-03,1
7d9cb463-4613-45b3-85a6-3cbfa015dd1e,Hardy LLC,Retail,starter,11068,NA,2023-03-15,2025-03-14,1
f1a0c3ce-56a4-4dec-8686-cc3bdf2e3c5e,Patel-Kelley,Finance,enterprise,142199,EMEA,2024-03-14,2025-03-14,1
06112278-515e-48d6-83cb-59da29aabf69,Gordon LLC,Technology,enterprise,153460,EMEA,2024-10-10,2026-10-10,0
061278e5-a2c4-4bb4-9dc6-30fae158546f,"Johnson, Morales and Hernandez",Manufacturing,starter,6026,APAC,2024-04-12,2026-04-12,1
cf31e103-2130-400a-9706-c9292a6d99a9,Day-Hood,Finance,starter,14281,NA,2023-02-27,2024-02-27,1
47deaa64-e6d8-484d-8204-5cd12121f6f2,"King, Hicks and Mcmillan",Manufacturing,starter,11368,APAC,2024-07-19,2026-07-19,0
95d4258a-5677-4337-b50a-2660ca80e70b,Bautista-Martinez,Finance,growth,74110,APAC,2023-04-28,2025-04-27,1
3056ab19-4604-4936-b29b-8622bcf4077e,"Ramos, Booker and Williams",Finance,growth,23673,NA,2024-11-10,2025-11-10,1
5cb43079-34dd-4583-9e36-9c2673d48e73,"Harper, Thompson and Allen",Technology,starter,6710,NA,2024-05-10,2026-05-10,1
d2c1e65e-1cd2-4acf-b45b-a0a11753c577,"Bennett, Rodgers and Huerta",Manufacturing,starter,10667,NA,2023-02-27,2024-02-27,1
cba245c1-6f42-487d-9e89-b4ef1a145b9d,Sanchez Group,Healthcare,enterprise,223775,APAC,2023-12-07,2024-12-06,1
c0c89ab0-c4cb-4537-ba67-c93a6670aee5,"Garcia, Smith and Lopez",Retail,starter,8222,NA,2024-04-12,2025-04-12,1
af76128e-8fc3-4109-8dfe-9d6883beab57,Hicks-Barron,Manufacturing,starter,13983,APAC,2024-04-21,2026-04-21,1
8496c0c5-2e6a-4165-a0df-2a40616910fe,Soto-Hernandez,Manufacturing,starter,14721,APAC,2023-02-25,2024-02-25,1
2ca5a52d-ba59-4a5c-a933-47be06e32ad2,Oconnell-Evans,Technology,growth,58538,NA,2024-04-11,2026-04-11,1
ca067ab9-48b7-464d-8310-fa8899f47e6b,Foster-Wolf,Healthcare,growth,72232,APAC,2024-10-16,2026-10-16,0
485e1ee7-a4b9-49c6-91f9-244538438ea1,Williams-Webb,Technology,growth,70453,EMEA,2024-12-26,2026-12-26,0
3deb1b18-c151-4f55-9cf6-6b45c9b5ff87,Brady-Bell,Technology,growth,28192,NA,2024-03-03,2025-03-03,1
79bec6b2-f146-4436-8e55-7f4cf0bddabc,Castillo-Hill,Retail,starter,6409,NA,2024-12-02,2026-12-02,0
ca8017fa-d265-4644-ba71-238ddf45a68e,"Sanchez, Carey and Palmer",Finance,starter,9275,NA,2024-05-08,2026-05-08,1
cc61eac6-98c4-40aa-9178-6c0a9fb43f87,"Harrison, Williams and Hunter",Technology,growth,77218,NA,2023-09-22,2024-09-21,1
951a662b-053b-40ae-9efd-6517fac6123b,Buckley-Elliott,Manufacturing,enterprise,98891,NA,2023-02-23,2025-02-22,1
51b0fd60-8cfe-42a6-94f6-bceb583514f3,Davis-Murphy,Technology,growth,52638,EMEA,2023-03-04,2025-03-03,1
3707764f-e077-430e-a4b1-8e411affe984,Stephens-Simpson,Finance,growth,63620,APAC,2023-05-14,2024-05-13,1
a6572559-b6d1-4288-b267-72fed6ec02c9,Williamson-Stevenson,Finance,starter,14508,APAC,2023-05-18,2025-05-17,1
fba62e68-759a-4389-bc95-4a56ce942dee,"Hoover, Fox and Willis",Healthcare,starter,12752,APAC,2024-01-27,2026-01-26,1
98bf9d28-8266-4842-a962-8bf19e216829,Guerrero-Williams,Retail,growth,47132,NA,2023-03-11,2025-03-10,1
17a1d0e0-476b-48d8-91b7-d9c32459ff0f,Howe Group,Technology,starter,10388,NA,2023-05-07,2024-05-06,1
57295662-cfe4-4150-9764-379a5655bb32,Kennedy-Norris,Manufacturing,growth,43003,APAC,2023-08-06,2025-08-05,1
12ecdfad-5a22-47ab-abe2-98e716371061,Willis Inc,Healthcare,enterprise,151996,NA,2024-03-23,2025-03-23,1
ce73c788-aba9-465d-b8e7-4c0f8e53ce16,Jones-Taylor,Manufacturing,starter,6111,EMEA,2024-07-21,2026-07-21,0
63f5931e-702f-4c3d-a701-a28c24a553f0,Mcgee LLC,Technology,growth,44339,APAC,2024-04-04,2026-04-04,1
56ec3315-0662-4374-84a2-a246231641c4,Young PLC,Retail,starter,9875,APAC,2023-08-16,2025-08-15,1
cbacec11-5f19-46ea-a6fb-64ea4b1147d9,"Gomez, Robinson and Brown",Healthcare,growth,35726,EMEA,2024-11-24,2026-11-24,0
8c5b566a-d970-4b78-890d-e97665a4ef90,"White, Mccarthy and Gallagher",Manufacturing,enterprise,100133,EMEA,2024-11-23,2025-11-23,1
5cd76707-b849-4d0c-96a1-af3ac9569756,Mooney-Fisher,Manufacturing,starter,8425,EMEA,2023-01-20,2025-01-19,1
e0806443-7f93-456d-b34e-abed92d44b97,"Lawrence, Woodward and Jones",Technology,starter,9271,APAC,2023-09-08,2025-09-07,1
cffdee8f-179a-4c6e-81bb-f8cb7fb8833b,Nunez Inc,Finance,starter,13791,APAC,2024-09-20,2026-09-20,0
74ddbbbd-34db-4f34-a8f9-e34bf29f15fb,Baldwin LLC,Manufacturing,growth,77313,EMEA,2023-10-08,2024-10-07,1
25a7d32f-5578-4283-ba65-1be42aa37eb6,Kelly-Graves,Manufacturing,starter,14439,APAC,2024-05-08,2025-05-08,1
7934ce77-7028-47ae-8ba5-40a174559c91,"Harris, Edwards and Anderson",Retail,starter,12754,NA,2023-12-04,2024-12-03,1
50300281-ed76-420b-ba75-074f58eab191,Day-Holloway,Technology,enterprise,109658,APAC,2023-03-20,2024-03-19,1
6ff93e8a-9146-4844-90b4-c818b47f9a6f,"Miller, Hancock and Thornton",Finance,growth,67389,NA,2024-09-04,2026-09-04,0
1a9223da-8dff-4a14-9915-d24bf9d0e997,Owen Inc,Retail,enterprise,102361,EMEA,2023-06-05,2024-06-04,1
984f369d-c6e3-4f83-9d8f-93f19967d1d0,Mcintyre and Sons,Technology,starter,6069,APAC,2023-11-23,2024-11-22,1
998cba91-0ffa-4c8f-9efa-ad69b53585b4,"Warner, Adams and Morrison",Manufacturing,starter,10018,APAC,2024-08-05,2026-08-05,0
0e48a853-ca73-4e7c-9ad4-ad462cac7b0a,Garcia-Keith,Healthcare,growth,38085,EMEA,2023-02-01,2024-02-01,1
de1390ef-66d9-4c24-b567-d2f62cb5b5a5,Wallace-Brown,Manufacturing,starter,6901,NA,2024-01-03,2026-01-02,1
3520b57e-d096-4b6c-ba72-174eafa96644,Thomas Inc,Manufacturing,growth,34997,APAC,2024-06-10,2026-06-10,1
492d2f5f-2e0c-4314-a245-902e3e0a5cbe,Kidd-Cobb,Manufacturing,starter,11039,NA,2023-07-17,2025-07-16,1
81b6a825-9190-4a2a-a150-c3cb48d4d5b2,Jacobs Group,Technology,starter,7939,APAC,2023-12-23,2025-12-22,1
369aaa1d-6581-43c5-acdc-3cb76c88f3bf,"Parker, Diaz and Nunez",Retail,enterprise,172485,APAC,2024-09-17,2025-09-17,1
f2eed007-d846-42a9-9c85-5df4f8afd682,Waller-Morris,Finance,starter,11048,NA,2023-02-06,2024-02-06,1
ada35cca-18f1-47f3-a670-021deb6ab914,Jennings Inc,Finance,enterprise,191747,APAC,2024-12-17,2026-12-17,0
fe5f39a0-9b75-4536-a1b2-46204cdabfcb,Johnson-Peterson,Retail,starter,10470,NA,2024-09-26,2025-09-26,1
c9de9be7-b9c3-4629-adf7-14359833359a,"Morris, Newman and Franklin",Healthcare,starter,14298,EMEA,2024-06-03,2025-06-03,1
0f8f633c-5193-40aa-9ddd-24c10e5bc689,Sanders LLC,Retail,enterprise,186766,APAC,2024-07-23,2025-07-23,1
8b7eac12-ff92-46ff-af93-603b5907edb4,Brooks-Rogers,Manufacturing,enterprise,165607,NA,2024-07-05,2025-07-05,1
385e1100-a37a-47bc-8b06-1aaab0a1d510,Carroll PLC,Finance,starter,6081,EMEA,2024-04-09,2025-04-09,1
484b3238-08a0-4b18-9762-9e1ca747b73d,Brown-Price,Finance,starter,9869,EMEA,2023-04-27,2024-04-26,1
25b572c5-ce19-441e-8fbc-509b49260ddf,Scott and Sons,Retail,growth,39394,EMEA,2024-06-19,2026-06-19,0
5cab8723-d649-482f-9af4-8c34feff843c,Gray Ltd,Technology,enterprise,203307,APAC,2023-11-09,2024-11-08,1
62782307-e63d-4186-bb9f-e692359f40fc,Johnson PLC,Manufacturing,enterprise,285686,EMEA,2023-07-06,2024-07-05,1
3d11221a-ce4f-4479-b391-002a1bb383c7,"Morrow, Lee and Wall",Retail,enterprise,240989,EMEA,2023-09-05,2025-09-04,1
ab051bae-ed7f-46f8-a5cf-9e5c5914ee1b,"Mercer, Tyler and Hubbard",Technology,growth,72265,NA,2023-08-27,2025-08-26,1
6a3feab5-6f04-45af-a944-d50525a0b300,Peterson and Sons,Healthcare,growth,15572,EMEA,2024-06-27,2025-06-27,1
3733595a-a1d3-4768-b82d-6a5967f3d5ba,Williams-Myers,Technology,enterprise,114384,NA,2023-04-26,2025-04-25,1
52c95493-9b2b-441b-a233-878179856554,Turner Inc,Manufacturing,starter,8912,APAC,2023-09-01,2024-08-31,1
2cafe14c-e3e5-47f5-a278-e051ce5cc1af,"Schwartz, Holt and Campos",Manufacturing,growth,72291,NA,2023-11-06,2025-11-05,1
bdd83eab-187a-4466-8306-1e250b3647f3,Mendoza-Jordan,Technology,starter,8896,EMEA,2023-12-09,2024-12-08,1
df7bba5c-4dd0-4316-ace8-cd14d045c911,"Ashley, Conway and Torres",Retail,growth,31590,APAC,2023-12-16,2024-12-15,1
362e6a91-0f5d-44ac-8fd9-5e29a6c32a6d,Estrada Inc,Retail,starter,10666,NA,2024-12-13,2026-12-13,0
a69c4d65-0edd-4c7b-b940-8ca3df75d7e1,Pearson Inc,Finance,starter,11841,NA,2023-09-05,2024-09-04,1
625e6dfe-9112-4d9a-b53f-bd0834c9a9b9,"Estrada, Garcia and Rodriguez",Technology,starter,13345,EMEA,2024-11-21,2025-11-21,1
913822b2-291d-4892-b940-c9faa9a320af,"Hill, Brown and Johns",Healthcare,starter,12070,APAC,2023-01-21,2025-01-20,1
7a730336-6074-45bc-b1df-c7fabada0616,"Rose, Olson and Watson",Manufacturing,growth,17740,NA,2023-06-27,2025-06-26,1
53913597-b040-4f11-8179-6c56c9d8a799,"Fry, Cortez and Carr",Healthcare,starter,5724,EMEA,2023-11-01,2024-10-31,1
1b622b74-1fc9-40d0-9113-ac4cc4b3849f,Clark Ltd,Finance,growth,79937,NA,2023-09-09,2025-09-08,1
306bb033-08fa-43de-a21a-a6c163a5e0c4,"Murillo, Bailey and Johnson",Technology,starter,11612,EMEA,2023-03-08,2024-03-07,1
55b363ea-b7ea-41c9-b999-6b6318b0b47f,Avery-Cooper,Finance,enterprise,257634,NA,2024-02-17,2026-02-16,1
18febe01-0299-4ef3-b6dc-b21fe99b3bd1,"Smith, Conley and Miller",Technology,enterprise,281118,APAC,2024-07-27,2026-07-27,0
a56982b4-dfab-4992-87fa-8752b5685a37,Jones Group,Finance,enterprise,85885,NA,2023-12-11,2025-12-10,1
572dad5f-b4d7-4a8a-bb2a-276170c100a3,"Nelson, Lara and Day",Technology,enterprise,105494,NA,2023-07-27,2025-07-26,1
6ee75a00-3ba1-471f-a0c6-9301b7ce4a44,Allen Inc,Finance,growth,78641,EMEA,2023-07-28,2024-07-27,1
9db708bd-5255-48e0-a62a-b9715292ac6c,"Cain, Alexander and Schwartz",Healthcare,starter,9816,EMEA,2023-01-03,2024-01-03,1
f2fefd6b-7350-476b-81ad-74d32f89d06c,"Merritt, Christensen and Yu",Finance,starter,5281,APAC,2023-07-13,2024-07-12,1
b63d4669-e877-4d9f-aff7-57702d898e14,"Green, King and Adkins",Technology,enterprise,146619,NA,2023-06-07,2025-06-06,1
18da4d95-dc7c-4680-8051-76ff6f0384b9,"Robinson, Harris and Carney",Technology,growth,57071,NA,2024-08-08,2025-08-08,1
5dfd7cb1-8025-4caf-bcb2-34f4d598e94d,Hale Ltd,Technology,starter,13655,EMEA,2023-05-27,2025-05-26,1
67a49ff6-372a-4f6a-b97d-b8f0dd2a32bc,Taylor Inc,Technology,growth,18722,EMEA,2023-06-05,2025-06-04,1
e7599232-773f-4381-8f00-43a4d77fc321,Hardy Group,Manufacturing,growth,78163,APAC,2024-06-24,2026-06-24,0
c092d5a2-0f42-47d7-a3f8-e51026b7e391,Cooper-Burke,Manufacturing,starter,5151,EMEA,2023-06-10,2025-06-09,1
23cade74-4b99-45c1-8fda-583b8c245c36,Haas-Jones,Technology,enterprise,209891,EMEA,2023-11-17,2024-11-16,1
f4b4232e-ab00-43b4-86d5-b64b827ea03a,Scott-Rowe,Finance,enterprise,133068,EMEA,2024-04-20,2025-04-20,1
8b4a5655-d230-4099-b53a-de7c49d38b53,Thompson Group,Healthcare,starter,12237,APAC,2024-02-28,2025-02-27,1
b6400555-4cb1-48ab-a42f-0850eec9b784,"Jenkins, Williamson and Sanchez",Finance,growth,20431,APAC,2024-09-21,2025-09-21,1
67153ec9-314f-4294-9002-a781f216d077,Rowe Ltd,Finance,enterprise,277689,EMEA,2023-10-19,2025-10-18,1
a156fa61-58cb-43b0-9746-97293a5363b5,Webb-Lawson,Finance,enterprise,215616,EMEA,2024-02-27,2026-02-26,1
27fb4c88-c35a-468a-bbdc-5ae42989d71e,Hill and Sons,Manufacturing,enterprise,202945,APAC,2023-12-12,2024-12-11,1
2cce6a1e-8f49-48b2-89d7-a1b42c421484,Sanchez-Torres,Retail,enterprise,170261,APAC,2023-09-23,2024-09-22,1
815a0506-8169-4380-b883-e21e6a8bc22e,Kim-Thornton,Finance,starter,13898,EMEA,2024-10-19,2025-10-19,1
d62a9657-75db-45f4-bc11-9a187ae35cdd,Fritz-Harper,Technology,enterprise,188556,APAC,2024-04-13,2026-04-13,1
65e3946f-4b4a-461d-b2c7-25bfa154cb1e,Warner Ltd,Healthcare,starter,9201,EMEA,2024-12-25,2025-12-25,1
6f8d9f90-4a02-4405-b433-cba39718b230,Stevens LLC,Retail,enterprise,267345,APAC,2024-10-10,2025-10-10,1
9d58f9f5-7e32-4c5a-9826-6eaa203d3f06,Cabrera-Downs,Finance,starter,6480,EMEA,2024-04-22,2025-04-22,1
de86a5e7-7f7d-4d13-8eb9-e1f1cbc27142,"Pittman, Carter and Abbott",Retail,growth,44187,EMEA,2024-01-18,2025-01-17,1
ebfdafed-40a7-4694-befb-80feda78f1b8,Wright-White,Retail,enterprise,248185,EMEA,2024-09-15,2026-09-15,0
53f1c94e-1ccc-4575-aac3-1c979a93ba34,Cook Ltd,Healthcare,starter,13509,APAC,2023-03-20,2024-03-19,1
0340d345-c2cf-41f5-929e-8c45ebd68075,Fisher-Mckenzie,Technology,growth,57046,APAC,2023-11-04,2024-11-03,1
d7c5a68d-1793-418e-aa42-520d4655eab7,Benson-Murillo,Retail,growth,44263,APAC,2023-08-22,2024-08-21,1
efc9cccc-3f5a-4b81-befc-8558f43ca4fb,Garcia-Johnson,Healthcare,starter,6988,EMEA,2024-02-11,2026-02-10,1
5698988f-be0a-44f2-b696-543a1a43bb37,"Ryan, Byrd and Williams",Retail,starter,10996,NA,2023-09-26,2024-09-25,1
71b07e2e-0e40-4ebe-825f-a9f3ce6a68a5,"Anderson, Rivera and Ware",Retail,enterprise,298580,EMEA,2024-10-21,2025-10-21,1
ae143cbb-4aea-4480-8aaf-c6f6b6a42189,"Golden, Terry and Burke",Healthcare,enterprise,117792,NA,2024-03-13,2025-03-13,1
b8510036-86e5-456a-9be2-f16fc04ad1bb,Armstrong Inc,Retail,growth,46195,EMEA,2023-01-22,2025-01-21,1
1ecb21ac-2b4a-4d36-a6cc-74d079f5f81b,Palmer LLC,Healthcare,growth,70584,NA,2024-05-17,2026-05-17,1
806a0c44-b2af-456b-bbb2-28eae6aad0b0,"Porter, Morris and Torres",Healthcare,enterprise,207255,NA,2023-04-28,2024-04-27,1
5e55a12b-6161-480c-b60f-574c7a6d2a69,Moore LLC,Manufacturing,starter,10833,NA,2024-04-27,2025-04-27,1
ba9a2508-9477-471e-89cd-94d9569a99a3,Barton-Lee,Technology,starter,9411,EMEA,2023-08-16,2025-08-15,1
a24d2daa-dbb3-4403-a22b-26b6a1c6ab73,"Daniel, Wong and Calhoun",Manufacturing,starter,6199,NA,2024-07-23,2025-07-23,1
d9e532fb-7474-472d-9444-6eff78c360a3,Jimenez and Sons,Technology,starter,8638,EMEA,2024-06-04,2026-06-04,1
362efcb6-e294-4988-873f-75fadf3387e7,Bryan-Butler,Manufacturing,starter,6179,NA,2024-05-18,2026-05-18,1
a3d65035-a5e1-468d-951e-fad1f3c6d85d,Evans-Watson,Retail,enterprise,250379,EMEA,2023-07-01,2025-06-30,1
56087ba8-62f8-4707-8f1d-5fc2a0bc2778,"Kennedy, Ross and Nelson",Technology,enterprise,164686,NA,2023-06-13,2024-06-12,1
3e1af28e-f62e-4eea-b86e-1525624bfab3,"Johnson, Smith and Robinson",Healthcare,starter,8697,NA,2024-05-16,2026-05-16,1
ddde5410-ae5b-4856-b227-8469542115bb,Davis LLC,Retail,enterprise,299104,EMEA,2024-12-15,2026-12-15,0
7d11ebf4-7046-4f8c-85bc-f6b2f3c2ffd4,Pratt-Mahoney,Retail,enterprise,173198,NA,2024-07-03,2026-07-03,0
73319f07-ca60-4ea6-85ff-398a1db1d0c9,Wood-Rivera,Healthcare,growth,25567,EMEA,2024-10-05,2026-10-05,0
4d9cfed2-ab39-437f-a680-649b0977b342,Brooks Inc,Manufacturing,starter,10840,APAC,2023-10-15,2024-10-14,1
00e54e4c-1423-433f-b49b-a4cf96b67324,"Smith, Diaz and Murphy",Manufacturing,enterprise,186016,APAC,2024-09-09,2026-09-09,0
f571d155-0161-4599-a37c-379dc8769a14,Howard-Miller,Finance,enterprise,293341,EMEA,2023-02-14,2024-02-14,1
a42cef30-0234-429a-b644-059e334e82d7,Price LLC,Manufacturing,enterprise,203495,EMEA,2023-09-09,2025-09-08,1
177104a6-d09c-465f-b9ac-8a877c5513fa,"Everett, Garcia and Werner",Finance,growth,24836,NA,2023-03-18,2024-03-17,1
be01acb9-13e5-44fa-af6e-853b8e3e8770,Taylor-Mitchell,Technology,starter,8378,EMEA,2023-06-19,2025-06-18,1
5ead77b8-1ae9-4126-aeae-291d4a3aec67,"Young, Page and Garcia",Technology,enterprise,95695,NA,2024-11-01,2025-11-01,1
d8a1e686-583a-4902-aa8d-083cb24ec9ae,"Jackson, Ortega and Hickman",Finance,enterprise,82015,NA,2023-04-22,2025-04-21,1
6f5e7348-dd9f-43ed-a338-e50e3a391eb1,Dalton and Sons,Technology,starter,13772,EMEA,2023-03-22,2024-03-21,1
afdadcc3-f937-48cf-880e-cc331852fabe,Romero-Smith,Manufacturing,starter,5039,APAC,2024-08-19,2025-08-19,1
e17e19e8-a8cf-47e5-901a-a1ab199dc2bd,Figueroa Inc,Manufacturing,growth,55959,APAC,2023-06-07,2025-06-06,1
b4268fd8-894a-4890-bc1e-7ae0692d455f,"Coleman, Hill and Johnston",Healthcare,starter,12246,NA,2024-05-14,2026-05-14,1
e38540d6-3096-4617-96bf-c8e3bcccad75,"Johnson, Parker and Fernandez",Technology,enterprise,80168,EMEA,2024-04-05,2026-04-05,1
f53ce1c1-a1b6-41c1-83b7-e39e57f30b39,"Collins, Larson and Vasquez",Healthcare,growth,19060,EMEA,2023-05-08,2024-05-07,1
4d3eb507-d5a5-4a02-bdc0-6a22eea9bbe1,Williams Group,Technology,growth,70398,APAC,2024-04-26,2025-04-26,1
3b7917c4-9997-47f8-b7fb-4f7fa1e8ab4a,Moore-Alvarez,Manufacturing,growth,45401,NA,2024-03-12,2026-03-12,1
0ab9b5a3-8bca-4a37-95ce-b01b9e9b75cb,"Dixon, Garrett and Bryant",Retail,enterprise,111635,EMEA,2024-08-22,2026-08-22,0
edff3992-c181-49da-b0e7-3a135a676318,Mcgee Ltd,Technology,starter,13269,APAC,2023-11-01,2025-10-31,1
86567480-7bc6-442e-ae39-63f067819296,"Meyer, Cochran and Olson",Healthcare,starter,5367,NA,2023-06-09,2025-06-08,1
ad6dc813-ffa3-4e59-823a-89263fcd4b40,Pacheco Inc,Manufacturing,growth,50116,APAC,2023-05-23,2025-05-22,1
752c78a4-db95-4f8f-96e8-aaad7f87d284,Abbott LLC,Finance,enterprise,164520,NA,2023-09-17,2025-09-16,1
22e8bd5e-9c20-4d70-a0d6-2a5549d88b2c,Jefferson-Martinez,Technology,starter,10680,EMEA,2024-07-17,2026-07-17,0
85cbf1ce-b445-44c5-8df0-4c5604644ca9,Hawkins PLC,Finance,enterprise,207709,NA,2023-06-26,2025-06-25,1
fa8a059f-b45a-4acb-82d7-df6d93628f98,"Duncan, French and Vazquez",Retail,growth,43503,EMEA,2023-01-24,2024-01-24,1
09f38bd4-48a1-4941-b060-120b3cf33149,Oneal PLC,Manufacturing,starter,5388,NA,2024-11-13,2026-11-13,0
8ac26020-6a2b-42c4-b331-b720c97661c4,"Moore, Jenkins and Brady",Healthcare,enterprise,107067,APAC,2023-02-18,2024-02-18,1
e92dbdec-0214-4e81-b61b-ec8aaf663022,Potter LLC,Finance,enterprise,245626,APAC,2024-12-12,2026-12-12,0
67cb4dc4-cda5-47c3-b134-24f5acc63f92,Huang LLC,Finance,enterprise,133111,NA,2024-07-19,2026-07-19,0
21ba7e73-10a0-4058-9ff1-6cc17b6347e2,Brown and Sons,Retail,enterprise,86354,EMEA,2024-06-01,2026-06-01,1
8ba2b2bd-35c6-4ef3-b455-10d69d504444,"Kim, Morales and Cain",Manufacturing,starter,14146,NA,2024-04-15,2026-04-15,1
ae91d8e8-194c-4be7-8f10-1dcb94cb0f99,Barajas-Robles,Retail,growth,40463,APAC,2023-09-26,2024-09-25,1
ae670464-ed04-471b-b335-99971c96be69,Moore Ltd,Technology,starter,10198,EMEA,2024-06-28,2026-06-28,0
505c4aca-8391-4867-8eba-478ff4fb164e,Baker Group,Manufacturing,enterprise,100742,APAC,2024-09-28,2025-09-28,1
a89a4729-6dd3-4c26-8d76-0fb0bca8cb4b,"Delacruz, Miller and Foster",Healthcare,starter,12943,NA,2023-08-07,2025-08-06,1
7755b2f6-5651-427a-8c78-3a4cffa4a80c,Clark-Sims,Technology,enterprise,253652,APAC,2023-10-16,2024-10-15,1
22a687a8-06be-44a8-a3cf-11e61c5c2874,Bowman Group,Healthcare,enterprise,236220,NA,2024-12-02,2025-12-02,1
6aa84bf6-1844-40fc-bf89-d7c835e2de46,"Sanchez, Mcgee and Ballard",Healthcare,enterprise,236823,NA,2024-11-28,2025-11-28,1
a04a8115-2df1-44a9-9774-3f6826d319b5,"Gonzalez, Wells and James",Technology,growth,54220,NA,2023-10-01,2024-09-30,1
bf07c914-393b-4f9f-bd33-fa740aa95125,Baxter Group,Finance,starter,11938,APAC,2024-10-02,2025-10-02,1
acbcb64c-1afb-4234-94e9-ad0a32a17c77,Russell-Macdonald,Manufacturing,starter,12227,EMEA,2024-10-19,2025-10-19,1
d6a9b7c4-99ef-4d11-ae5b-6a8403975388,Soto and Sons,Finance,growth,59102,APAC,2024-04-14,2026-04-14,1
b5e073c3-07db-4c69-91fe-d346b9c3a253,"Brady, Johnson and Harding",Finance,starter,9716,APAC,2023-02-26,2024-02-26,1
fc5b3cf8-fdc0-47df-bc0e-06717382a6cc,Nguyen-Baker,Manufacturing,enterprise,163795,NA,2023-08-04,2025-08-03,1
baf719d7-00de-4d8c-acd3-3c865cee6e75,Larson and Sons,Technology,enterprise,200880,APAC,2023-02-02,2024-02-02,1
71cf3dd5-9319-4fea-bed4-402e92b849ef,Oconnor-Martinez,Finance,starter,9130,NA,2024-07-23,2026-07-23,0
7313cef6-c05b-4d7c-924e-3a57e4ffe122,Clements-Hughes,Technology,growth,44351,APAC,2024-04-16,2025-04-16,1
247a0649-13cc-4e43-909a-54be99f828f8,"Wu, Webb and Fitzgerald",Technology,growth,76992,EMEA,2024-02-25,2026-02-24,1
079a9985-dc88-4836-945b-f6b08609c0be,Jenkins-Cooper,Manufacturing,growth,62892,NA,2024-12-19,2025-12-19,1
63a2fc49-c813-4a50-bcc2-01946e5184d6,James Inc,Retail,starter,9608,APAC,2023-09-21,2025-09-20,1
237ecd72-2931-482a-9e51-58b2a8eb3979,Jones PLC,Retail,starter,9642,NA,2024-08-27,2025-08-27,1
215a2f4c-a3bc-4a3c-83a8-037be20d0e63,Love PLC,Technology,enterprise,287218,NA,2024-02-19,2026-02-18,1
b14f5417-08ec-4ea2-9472-a4cfebac9042,Smith-Mcdonald,Healthcare,enterprise,145050,NA,2023-04-12,2024-04-11,1
0ee596a7-9465-4fe2-b812-b26f99d13fc4,Madden-Cox,Manufacturing,starter,8779,NA,2024-03-04,2026-03-04,1
954bc196-2abb-48ae-ad18-b443267cbc20,Martinez-Humphrey,Healthcare,enterprise,89385,APAC,2024-06-20,2026-06-20,0
c40a54b4-8fec-4bc5-b661-f00be1556fe2,Jones and Sons,Retail,growth,63049,APAC,2023-12-12,2024-12-11,1
dfe1c06a-0567-4eb6-b52b-bf2e314ed540,Wilson-Beasley,Retail,growth,70792,APAC,2023-02-05,2025-02-04,1
4d2820f1-e537-489c-87d1-256ec6006d44,Moyer LLC,Healthcare,starter,11183,APAC,2023-11-25,2025-11-24,1
d7db970d-6de8-48c9-a639-11da022dc84f,"Martinez, Larson and Esparza",Retail,starter,11616,NA,2023-08-12,2025-08-11,1
c042fa06-4228-4175-abea-2fc1bae94d38,Molina Inc,Technology,growth,24284,NA,2023-06-20,2025-06-19,1
9f418d01-b95b-4b29-a254-318b48cd11a8,Phillips and Sons,Retail,growth,52553,APAC,2024-06-18,2026-06-18,0
ff84eaca-7c29-4cb0-817e-3b452c4792c9,Young PLC,Finance,starter,6164,APAC,2024-05-12,2025-05-12,1
e7390000-97fd-4d68-96e9-168c217415cd,"Armstrong, Parker and Khan",Healthcare,enterprise,234523,EMEA,2024-06-05,2025-06-05,1
7dabc1a0-7313-4c43-bbdc-f12f60ff5b8f,Hamilton-Fischer,Retail,enterprise,192287,NA,2023-11-17,2024-11-16,1
5335bdf4-d362-437e-a0c2-8810c22d5e3e,"Salinas, Goodwin and Cox",Manufacturing,growth,66702,EMEA,2024-02-10,2026-02-09,1
7f3b5765-f10a-43c3-bd1c-02a808376b97,Ferguson LLC,Healthcare,starter,6378,EMEA,2023-10-01,2025-09-30,1
879d4b62-7a8d-4531-92c7-814149d325d8,Ramirez-Smith,Manufacturing,growth,70855,NA,2023-08-08,2025-08-07,1
2b179060-b0d3-42c3-a8a1-12013e867128,Cabrera-Mack,Technology,starter,9509,APAC,2023-07-09,2025-07-08,1
9cda59d0-673b-4c98-924f-b541992203c0,Fox PLC,Healthcare,enterprise,164921,APAC,2023-12-16,2025-12-15,1
45891948-d5b8-4810-8a7e-efae0cc6a9fc,"Zavala, Gonzales and Aguilar",Manufacturing,starter,7976,EMEA,2023-04-02,2025-04-01,1
29534b36-909b-4c28-b17a-c7df7fbd2607,Adams and Sons,Healthcare,enterprise,85399,EMEA,2023-09-27,2025-09-26,1
20787dd6-9620-41f3-908b-f45d09ae58e9,"Calderon, Watson and Hoover",Finance,enterprise,237868,APAC,2023-01-23,2025-01-22,1
7570ff1e-3b89-4763-83ab-5798d169f1d2,Miller Group,Retail,enterprise,146357,EMEA,2023-02-11,2024-02-11,1
3c3eb099-8d64-47aa-8898-cba4892085d8,"Harvey, Hahn and Lewis",Finance,starter,11404,NA,2024-08-14,2026-08-14,0
08ea83eb-a531-429d-99b7-2acf68dc1723,Dennis-Anderson,Healthcare,starter,13919,NA,2024-08-06,2025-08-06,1
19ecadb9-1dd5-4e23-8e58-cc282d21cfb1,Paul-Medina,Retail,enterprise,99491,APAC,2024-04-09,2025-04-09,1
0f260f5d-fe19-4d13-9551-24c007a4801d,Hester-Young,Retail,enterprise,202888,EMEA,2023-01-02,2024-01-02,1
72060f40-50b4-4bce-870c-5dd5de5c1f25,Mullins-Wallace,Manufacturing,growth,48954,NA,2023-03-21,2024-03-20,1
05b0be1c-1a19-4857-9a96-b4426a86f11f,"Hunter, Crawford and Oneill",Technology,growth,42854,EMEA,2023-09-23,2025-09-22,1
20621207-54e8-4d76-9676-08c6415d27e8,Bennett-Ryan,Healthcare,enterprise,192009,EMEA,2024-09-23,2025-09-23,1
79c9de0d-f025-49bb-8a4f-e7a1b0a28f65,Murphy Ltd,Retail,enterprise,95781,APAC,2023-10-15,2025-10-14,1
4c0b6aed-9e84-4087-9bb1-79ca1c14af66,Copeland-Murphy,Manufacturing,growth,48380,NA,2024-09-01,2026-09-01,0
f1fbbc2d-3b99-402f-84e9-0cac904241be,"Cohen, Perkins and Hutchinson",Healthcare,growth,53965,EMEA,2024-06-14,2025-06-14,1
c7dc0694-ec8e-4cb3-93b8-9a1f11eb5849,Gomez Ltd,Healthcare,growth,79113,EMEA,2024-08-20,2025-08-20,1
a61260e7-1acd-4ab6-aa40-1622418b5453,Cooley Group,Finance,growth,41002,APAC,2024-08-20,2026-08-20,0
4ae47abf-b47c-4320-8619-6f44c51d9aaf,"Barker, Goodwin and Bailey",Manufacturing,enterprise,104527,APAC,2023-04-27,2025-04-26,1
16d99d00-9eb7-44e4-a70e-23b673593340,"Rojas, Haynes and Smith",Technology,growth,76335,APAC,2023-05-21,2025-05-20,1
b81ab313-8ebd-44b4-a3e9-87f45ecb9823,Gutierrez-Perez,Retail,enterprise,299503,NA,2024-03-10,2026-03-10,1
5c16bab1-81ab-4f97-9123-0a3e0ad0edc7,"Smith, Smith and Martinez",Technology,growth,78764,EMEA,2024-11-06,2026-11-06,0
e917d71a-3c54-4f15-b19a-2d2c068f7f1a,Jacobson-Snyder,Technology,starter,14934,NA,2024-04-05,2025-04-05,1
f8563953-ef2a-4fed-86cd-a4da86896997,Frazier Inc,Healthcare,starter,13525,EMEA,2024-10-11,2026-10-11,0
c2616e6e-9857-490f-a22c-9add0a611480,Nunez-Gonzales,Finance,growth,61376,NA,2023-10-17,2025-10-16,1
cf069aa4-15c9-4ef9-81ca-53a5edfde2c0,"Cunningham, Chen and Mcconnell",Retail,starter,9241,NA,2023-10-15,2024-10-14,1
bec3538e-f460-4511-ba9a-d3e41867fe5c,"Kennedy, Farmer and Cabrera",Healthcare,growth,48089,APAC,2024-05-25,2026-05-25,1
58e0c836-8eb4-4426-b5e1-54c5bbe02a41,"Young, Whitehead and Jimenez",Healthcare,enterprise,268219,APAC,2024-06-09,2026-06-09,1
d3a19cc7-a892-468c-95d4-309f6d1ea2c3,Christensen-Taylor,Technology,starter,7861,EMEA,2023-12-18,2025-12-17,1
dad09975-164a-453f-8e31-272c2e64802d,"Castaneda, Ryan and Spencer",Technology,enterprise,247800,NA,2024-12-05,2026-12-05,0
26e79a60-3e9a-445d-bea9-5afc1cc765f8,"Jones, Reid and Andrews",Healthcare,enterprise,133724,NA,2024-02-12,2025-02-11,1
a441ca7b-6cb1-469b-a62b-227414cc2f3d,Ellison Inc,Healthcare,enterprise,280846,EMEA,2024-11-18,2026-11-18,0
5d6e7d6e-6540-4dc0-880e-7c9b91f87b6f,"Boyle, Valdez and Grimes",Healthcare,starter,10742,EMEA,2024-05-05,2026-05-05,1
ef0963c2-9df4-43a9-bd98-d200579afe1f,"Maldonado, Smith and Hughes",Retail,starter,6368,NA,2023-02-18,2025-02-17,1
bfe6746a-8523-4b55-984f-d8407d30705f,"Rodriguez, Doyle and Carlson",Technology,growth,78201,NA,2024-02-24,2025-02-23,1
842b722c-a995-49d7-84b5-09efeaeeb915,Mcmillan-Barton,Healthcare,growth,44007,NA,2023-09-15,2024-09-14,1
7a004690-b467-424f-9fb8-e3f4487e2aad,"Lawson, Duke and Gonzales",Finance,growth,69261,EMEA,2024-10-23,2025-10-23,1
1cc34667-e566-4289-be4c-b21ff63fc63a,"Jennings, Davis and Evans",Finance,enterprise,203471,NA,2023-12-19,2025-12-18,1
479dc157-163e-4ee9-84e1-3981cc7b5b95,Watson-Jones,Technology,enterprise,86013,NA,2023-08-08,2024-08-07,1
c53ff2c5-ca47-4213-8b19-eb602bb79cf4,Potter Ltd,Technology,enterprise,254068,APAC,2023-06-03,2024-06-02,1
35c33465-4e3f-4b0a-a4bd-c199de05804f,Raymond Group,Manufacturing,starter,5059,EMEA,2024-08-07,2026-08-07,0
7741157e-096a-46ec-addb-326e7cba34cc,"Hernandez, Foster and Guzman",Manufacturing,growth,31749,EMEA,2024-12-06,2025-12-06,1
1f70fe6e-6b8a-4a54-9bde-4db4f6ba4d29,Wiggins Ltd,Technology,growth,44857,APAC,2024-07-06,2025-07-06,1
99aed996-30f8-4aba-8e84-27e50da20a74,Cook LLC,Retail,starter,12652,EMEA,2024-04-21,2025-04-21,1
090b6d1b-4e8a-449d-bd76-c766fc02b9b2,Burgess-Spears,Retail,growth,38615,NA,2023-08-26,2025-08-25,1
dcf6fbd2-039b-416b-93b6-1b41837c8c79,"Young, Stuart and Dominguez",Finance,enterprise,297086,NA,2024-08-15,2025-08-15,1
33c12b98-0261-47c5-9a60-124d3cd85596,Reynolds LLC,Manufacturing,growth,42488,APAC,2024-04-25,2026-04-25,1
6bc3782c-cd66-42e6-8fb5-e063fb951b95,Morrison PLC,Retail,growth,69696,APAC,2024-08-02,2026-08-02,0
6ef9a2e1-7f97-4307-8904-53b0b3516c4d,Garcia PLC,Healthcare,starter,14147,NA,2024-11-07,2026-11-07,0
2fa56a1c-151b-475c-86f3-c2154e2c1345,Cruz-Hernandez,Technology,starter,5783,APAC,2024-06-03,2026-06-03,1
13380db6-cd57-4367-80be-93fbcf0764b5,Ramirez-Thompson,Finance,growth,74279,NA,2024-09-16,2025-09-16,1
b71c392e-87fc-445a-8e94-5f842f7cf375,"Hood, Coleman and Clark",Healthcare,enterprise,87382,EMEA,2023-09-05,2025-09-04,1
265eee4e-a934-463d-a77f-2d9ce6380b63,Green Group,Healthcare,enterprise,179619,EMEA,2023-10-14,2024-10-13,1
888fcfda-d708-41dd-b6b6-ec15917c5d0a,Williams PLC,Retail,growth,36431,APAC,2023-03-27,2024-03-26,1
fa588366-9129-4a2c-b3ab-a197cd4df674,"Smith, Hall and Little",Retail,starter,10933,NA,2023-02-25,2024-02-25,1
ff287428-e2a1-47f3-9ebc-fdd0ecd5bdba,"Brewer, Khan and Murphy",Technology,starter,7379,NA,2023-10-12,2024-10-11,1
cd8a6c51-513f-40cc-a4bd-c9361abf57cf,Lee-Ramirez,Retail,enterprise,117984,EMEA,2023-11-28,2024-11-27,1
